{
    "dots": false,
    "infinite": true,
    "speed": 500,
    "slidesToShow": 6,
    "slidesToScroll": 1,
    "responsive": [
      {
        "breakpoint": 1440,
        "settings": {
          "slidesToShow": 6,
          "slidesToScroll": 1,
          "initialSlide": 2
        }
      },
      {
        "breakpoint": 1024,
        "settings": {
          "slidesToShow": 4,
          "slidesToScroll": 1,
          "initialSlide": 2
        }
      },
      {
        "breakpoint": 768,
        "settings": {
          "slidesToShow": 3,
          "slidesToScroll": 1,
          "initialSlide": 1
        }
      },
      {
        "breakpoint": 425,
        "settings": {
          "slidesToShow": 2,
          "slidesToScroll": 1,
          "initialSlide": 1
        }
      }
    ]
  }