{
    "genresEnglish": [
      {
        "id": 28,
        "name": "Action"
      },
      {
        "id": 12,
        "name": "Adventure"
      },
      {
        "id": 16,
        "name": "Animation"
      },
      {
        "id": 35,
        "name": "Comedy"
      },
      {
        "id": 80,
        "name": "Crime"
      },
      {
        "id": 99,
        "name": "Documentary"
      },
      {
        "id": 18,
        "name": "Drama"
      },
      {
        "id": 10751,
        "name": "Family"
      },
      {
        "id": 14,
        "name": "Fantasy"
      },
      {
        "id": 36,
        "name": "History"
      },
      {
        "id": 27,
        "name": "Horror"
      },
      {
        "id": 10402,
        "name": "Music"
      },
      {
        "id": 9648,
        "name": "Mystery"
      },
      {
        "id": 10749,
        "name": "Romance"
      },
      {
        "id": 878,
        "name": "Science Fiction"
      },
      {
        "id": 10770,
        "name": "TV Movie"
      },
      {
        "id": 53,
        "name": "Thriller"
      },
      {
        "id": 10752,
        "name": "War"
      },
      {
        "id": 37,
        "name": "Western"
      }
    ],
    "genresGerman": [
      {
        "id": 28,
        "name": "Handlung"
      },
      {
        "id": 12,
        "name": "Abenteuer"
      },
      {
        "id": 18,
        "name": "Theater"
      },
      {
        "id": 16,
        "name": "Animation"
      },
      {
        "id": 35,
        "name": "Komödie"
      },
      {
        "id": 80,
        "name": "Verbrechen"
      },
      {
        "id": 99,
        "name": "Dokumentarfilm"
      },
      {
        "id": 10751,
        "name": "Familie"
      },
      {
        "id": 14,
        "name": "Fantezi"
      },
      {
        "id": 36,
        "name": "Datum"
      },
      {
        "id": 27,
        "name": "Grusel"
      },
      {
        "id": 10402,
        "name": "Musik"
      },
      {
        "id": 9648,
        "name": "Geheimnis"
      },
      {
        "id": 10749,
        "name": "Romantisch"
      },
      {
        "id": 878,
        "name": "Science-Fiction"
      },
      {
        "id": 10770,
        "name": "Fernsehfilm"
      },
      {
        "id": 53,
        "name": "Handlung"
      },
      {
        "id": 10752,
        "name": "Krieg"
      },
      {
        "id": 37,
        "name": "Wilder Westen"
      }
    ],
    "genresTurkish": [
      {
        "id": 28,
        "name": "Aksiyon"
      },
      {
        "id": 12,
        "name": "Macera"
      },
      {
        "id": 16,
        "name": "Animasyon"
      },
      {
        "id": 35,
        "name": "Komedi"
      },
      {
        "id": 80,
        "name": "Suc"
      },
      {
        "id": 99,
        "name": "Belgesel"
      },
      {
        "id": 18,
        "name": "Drama"
      },
      {
        "id": 10751,
        "name": "Aile"
      },
      {
        "id": 14,
        "name": "Fantezi"
      },
      {
        "id": 36,
        "name": "Tarih"
      },
      {
        "id": 27,
        "name": "Korku"
      },
      {
        "id": 10402,
        "name": "Muzik"
      },
      {
        "id": 9648,
        "name": "Gizem"
      },
      {
        "id": 10749,
        "name": "Romantik"
      },
      {
        "id": 878,
        "name": "Bilim Kurgu"
      },
      {
        "id": 10770,
        "name": "Televizyon Filmi"
      },
      {
        "id": 53,
        "name": "Aksiyon"
      },
      {
        "id": 10752,
        "name": "Savas"
      },
      {
        "id": 37,
        "name": "Vahsi Bati"
      }
    ]
  }